Game Code,Date,Visit Team Code,Home Team Code,Stadium Code,Site
2.07047E+14,9/2/2010,207,466,90,TEAM
2.28042E+14,9/2/2010,228,415,30,TEAM
2.29001E+14,9/2/2010,229,9,2,TEAM
2.70013E+14,9/2/2010,270,129,70,TEAM
3.88052E+14,9/2/2010,388,518,99,TEAM
4.28042E+14,9/2/2010,428,419,116,TEAM
4.54033E+14,9/2/2010,454,331,100,TEAM
4.85059E+14,9/2/2010,485,587,86,TEAM
4.9403E+14,9/2/2010,494,295,43,TEAM
5.03031E+14,9/2/2010,503,311,40,TEAM
5.45073E+14,9/2/2010,545,732,135,TEAM
5.72009E+14,9/2/2010,572,86,91,TEAM
6.54005E+14,9/2/2010,654,47,48,TEAM
6.55072E+14,9/2/2010,655,718,58,TEAM
6.57028E+14,9/2/2010,657,277,39,TEAM
6.64065E+14,9/2/2010,664,648,113,TEAM
7.11031E+14,9/2/2010,711,306,47,TEAM
1.32007E+15,9/2/2010,1320,749,83,TEAM
2.90709E+13,9/3/2010,29,709,102,TEAM
7.39069E+14,9/3/2010,739,690,109,TEAM
3.00037E+13,9/4/2010,30,37,1,TEAM
7.10716E+13,9/4/2010,71,716,4,TEAM
1.02067E+14,9/4/2010,102,674,19,TEAM
1.08011E+14,9/4/2010,108,107,12,TEAM
1.10033E+14,9/4/2010,110,327,52,TEAM
1.4001E+14,9/4/2010,140,96,13,TEAM
1.49077E+14,9/4/2010,149,768,143,TEAM
1.57016E+14,9/4/2010,157,156,22,NEUTRAL
1.64042E+14,9/4/2010,164,418,66,TEAM
2.01031E+14,9/4/2010,201,312,41,TEAM
3.01043E+14,9/4/2010,301,434,149,NEUTRAL
3.15043E+14,9/4/2010,315,433,76,TEAM
3.34037E+14,9/4/2010,334,367,54,TEAM
3.65046E+14,9/4/2010,365,457,38,NEUTRAL
3.66026E+14,9/4/2010,366,261,60,NEUTRAL
4.04043E+14,9/4/2010,404,430,77,TEAM
4.14024E+14,9/4/2010,414,235,27,TEAM
4.73053E+14,9/4/2010,473,529,108,TEAM
4.83063E+14,9/4/2010,483,626,16,TEAM
4.93033E+14,9/4/2010,493,328,51,TEAM
4.97015E+14,9/4/2010,497,147,112,TEAM
5.08072E+14,9/4/2010,508,721,21,TEAM
5.09074E+14,9/4/2010,509,736,117,TEAM
5.2807E+14,9/4/2010,528,698,155,NEUTRAL
5.50003E+14,9/4/2010,550,28,10,TEAM
5.59051E+14,9/4/2010,559,513,49,TEAM
5.75075E+14,9/4/2010,575,746,137,TEAM
6.24005E+14,9/4/2010,624,51,132,TEAM
6.25023E+14,9/4/2010,625,234,33,TEAM
6.30001E+14,9/4/2010,630,8,5,TEAM
6.47026E+14,9/4/2010,647,255,37,TEAM
6.50013E+14,9/4/2010,650,128,146,TEAM
6.67081E+14,9/4/2010,667,811,144,TEAM
6.70029E+14,9/4/2010,670,288,126,TEAM
6.71026E+14,9/4/2010,671,257,36,TEAM
6.7607E+14,9/4/2010,676,697,120,TEAM
6.83065E+14,9/4/2010,683,651,35,TEAM
6.88001E+14,9/4/2010,688,5,154,TEAM
6.92003E+14,9/4/2010,692,31,6,TEAM
6.95069E+14,9/4/2010,695,694,114,TEAM
7.03057E+14,9/4/2010,703,574,127,TEAM
7.2502E+14,9/4/2010,725,204,71,TEAM
7.31052E+14,9/4/2010,731,522,103,TEAM
7.54052E+14,9/4/2010,754,521,104,TEAM
7.56008E+14,9/4/2010,756,77,134,TEAM
7.58007E+14,9/4/2010,758,67,61,TEAM
7.69049E+14,9/4/2010,769,490,82,TEAM
7.72046E+14,9/4/2010,772,463,84,TEAM
7.74042E+14,9/4/2010,774,416,68,TEAM
7.96047E+14,9/4/2010,796,465,89,TEAM
8.17054E+14,9/4/2010,817,539,111,TEAM
1.06802E+15,9/4/2010,1068,193,80,TEAM
2.67807E+15,9/4/2010,2678,704,124,TEAM
2.91505E+15,9/4/2010,2915,519,95,TEAM
6.6307E+14,9/5/2010,663,700,129,TEAM
7.1902E+14,9/5/2010,719,196,81,TEAM
6.60742E+13,9/6/2010,66,742,65,NEUTRAL
7.26039E+14,9/6/2010,726,392,63,NEUTRAL
3.7043E+13,9/9/2010,37,430,77,TEAM
1.29069E+14,9/9/2010,129,690,109,TEAM
7.04029E+14,9/10/2010,704,288,126,TEAM
7.68039E+14,9/10/2010,768,388,142,TEAM
9.06632E+12,9/11/2010,9,663,122,TEAM
3.00671E+13,9/11/2010,30,671,56,TEAM
3.10498E+13,9/11/2010,31,498,8,NEUTRAL
4.30419E+13,9/11/2010,43,419,116,TEAM
7.10719E+13,9/11/2010,71,719,105,TEAM
7.70721E+13,9/11/2010,77,721,21,TEAM
8.60051E+13,9/11/2010,86,51,132,TEAM
1.41003E+14,9/11/2010,141,29,11,TEAM
1.56047E+14,9/11/2010,156,466,90,TEAM
1.57011E+14,9/11/2010,157,107,12,TEAM
1.93075E+14,9/11/2010,193,749,83,TEAM
2.02037E+14,9/11/2010,202,367,54,TEAM
2.04041E+14,9/11/2010,204,414,101,TEAM
2.34052E+14,9/11/2010,234,522,103,TEAM
2.53073E+14,9/11/2010,253,726,62,TEAM
2.55033E+14,9/11/2010,255,328,51,TEAM
2.57065E+14,9/11/2010,257,648,113,TEAM
2.77073E+14,9/11/2010,277,725,93,TEAM
2.94073E+14,9/11/2010,294,731,133,TEAM
2.95046E+14,9/11/2010,295,463,84,TEAM
2.99051E+14,9/11/2010,299,509,46,TEAM
3.05014E+14,9/11/2010,305,140,97,TEAM
3.11031E+14,9/11/2010,311,312,41,TEAM
3.17074E+14,9/11/2010,317,742,136,TEAM
3.31007E+14,9/11/2010,331,67,61,TEAM
3.55005E+14,9/11/2010,355,47,48,TEAM
3.65074E+14,9/11/2010,365,736,117,TEAM
3.6607E+14,9/11/2010,366,697,120,TEAM
4.02043E+14,9/11/2010,402,434,73,TEAM
4.0402E+14,9/11/2010,404,196,81,TEAM
4.15052E+14,9/11/2010,415,518,99,TEAM
4.16023E+14,9/11/2010,416,229,67,NEUTRAL
4.18051E+14,9/11/2010,418,513,49,TEAM
4.33072E+14,9/11/2010,433,718,58,TEAM
4.40075E+14,9/11/2010,440,754,138,TEAM
4.46039E+14,9/11/2010,446,392,64,TEAM
4.65073E+14,9/11/2010,465,732,135,TEAM
4.69055E+14,9/11/2010,469,545,110,TEAM
4.83077E+14,9/11/2010,483,774,69,TEAM
4.90013E+14,9/11/2010,490,128,146,TEAM
4.9405E+14,9/11/2010,494,503,45,TEAM
5.01003E+14,9/11/2010,501,28,10,TEAM
5.29069E+14,9/11/2010,529,694,114,TEAM
5.39001E+14,9/11/2010,539,8,5,TEAM
5.53066E+14,9/11/2010,553,664,75,TEAM
5.7405E+14,9/11/2010,574,497,123,TEAM
5.87023E+14,9/11/2010,587,231,31,TEAM
6.26047E+14,9/11/2010,626,472,88,TEAM
6.3008E+14,9/11/2010,630,796,141,TEAM
6.50043E+14,9/11/2010,650,428,153,TEAM
6.51024E+14,9/11/2010,651,235,27,TEAM
6.5903E+14,9/11/2010,659,301,44,TEAM
6.69033E+14,9/11/2010,669,327,52,TEAM
6.74011E+14,9/11/2010,674,110,15,TEAM
6.88076E+14,9/11/2010,688,756,139,TEAM
6.9207E+14,9/11/2010,692,698,125,TEAM
6.99016E+14,9/11/2010,699,164,25,TEAM
7.00047E+14,9/11/2010,700,473,87,TEAM
7.09052E+14,9/11/2010,709,519,95,TEAM
7.16052E+14,9/11/2010,716,521,104,TEAM
7.46066E+14,9/11/2010,746,657,14,TEAM
7.71056E+14,9/11/2010,771,559,50,TEAM
7.72033E+14,9/11/2010,772,334,53,TEAM
8.1107E+14,9/11/2010,811,703,119,TEAM
1.092E+15,9/11/2010,1092,5,154,TEAM
1.32001E+15,9/11/2010,1320,147,112,TEAM
1.40049E+14,9/16/2010,140,490,82,TEAM
1.07047E+14,9/17/2010,107,466,90,TEAM
3.28066E+14,9/17/2010,328,664,75,TEAM
5.03342E+12,9/18/2010,5,334,53,TEAM
8.01932E+12,9/18/2010,8,193,80,TEAM
2.80796E+13,9/18/2010,28,796,141,TEAM
3.10257E+13,9/18/2010,31,257,36,TEAM
4.70559E+13,9/18/2010,47,559,50,TEAM
5.10698E+13,9/18/2010,51,698,125,TEAM
6.60811E+13,9/18/2010,66,811,144,TEAM
7.70234E+13,9/18/2010,77,234,33,TEAM
9.60731E+13,9/18/2010,96,731,133,TEAM
1.28009E+14,9/18/2010,128,86,91,TEAM
1.2902E+14,9/18/2010,129,204,71,TEAM
1.47004E+14,9/18/2010,147,37,1,TEAM
1.56041E+14,9/18/2010,156,414,101,TEAM
1.64069E+14,9/18/2010,164,690,109,TEAM
1.96074E+14,9/18/2010,196,742,136,TEAM
2.3107E+14,9/18/2010,231,697,120,TEAM
2.35069E+14,9/18/2010,235,694,114,TEAM
2.44065E+14,9/18/2010,244,648,113,TEAM
2.55046E+14,9/18/2010,255,457,78,TEAM
2.77016E+14,9/18/2010,277,157,20,TEAM
2.88011E+14,9/18/2010,288,110,15,TEAM
3.06077E+14,9/18/2010,306,772,148,TEAM
3.11033E+14,9/18/2010,311,327,74,NEUTRAL
3.12003E+14,9/18/2010,312,29,11,TEAM
3.31054E+14,9/18/2010,331,539,111,TEAM
3.67053E+14,9/18/2010,367,528,107,TEAM
3.80069E+14,9/18/2010,380,688,92,TEAM
3.88007E+14,9/18/2010,388,71,96,TEAM
3.92077E+14,9/18/2010,392,768,143,TEAM
4.00042E+14,9/18/2010,400,418,66,TEAM
4.1904E+14,9/18/2010,419,404,115,TEAM
4.30037E+14,9/18/2010,430,365,55,TEAM
4.63076E+14,9/18/2010,463,756,139,TEAM
4.6503E+14,9/18/2010,465,295,43,TEAM
4.7207E+14,9/18/2010,472,704,124,TEAM
4.97073E+14,9/18/2010,497,725,93,TEAM
4.98003E+14,9/18/2010,498,30,7,TEAM
5.0303E+14,9/18/2010,503,301,44,TEAM
5.09057E+14,9/18/2010,509,574,127,TEAM
5.13042E+14,9/18/2010,513,416,68,TEAM
5.19052E+14,9/18/2010,519,518,99,TEAM
5.50053E+14,9/18/2010,550,529,108,TEAM
6.26043E+14,9/18/2010,626,434,73,TEAM
6.57043E+14,9/18/2010,657,428,153,TEAM
6.67063E+14,9/18/2010,667,630,18,TEAM
7.0307E+14,9/18/2010,703,700,129,TEAM
7.09077E+14,9/18/2010,709,774,69,TEAM
7.16001E+14,9/18/2010,716,9,2,TEAM
7.19052E+14,9/18/2010,719,521,104,TEAM
7.21052E+14,9/18/2010,721,522,103,TEAM
7.26037E+14,9/18/2010,726,366,59,TEAM
7.32047E+14,9/18/2010,732,473,87,TEAM
7.36043E+14,9/18/2010,736,433,76,TEAM
7.49067E+14,9/18/2010,749,674,19,TEAM
7.54066E+14,9/18/2010,754,663,122,TEAM
4.15055E+14,9/23/2010,415,545,110,TEAM
6.98066E+14,9/24/2010,698,663,122,TEAM
5.03062E+12,9/25/2010,5,306,47,TEAM
8.00312E+12,9/25/2010,8,31,6,TEAM
9.06942E+12,9/25/2010,9,694,114,TEAM
3.00716E+13,9/25/2010,30,716,4,TEAM
4.30796E+13,9/25/2010,43,796,141,TEAM
4.70312E+13,9/25/2010,47,312,41,TEAM
4.80277E+13,9/25/2010,48,277,39,TEAM
5.10574E+13,9/25/2010,51,574,127,TEAM
7.10418E+13,9/25/2010,71,418,66,TEAM
8.60164E+13,9/25/2010,86,164,25,TEAM
9.60433E+13,9/25/2010,96,433,76,TEAM
1.07003E+14,9/25/2010,107,29,11,TEAM
1.1007E+14,9/25/2010,110,703,119,TEAM
1.28033E+14,9/25/2010,128,327,52,TEAM
1.29051E+14,9/25/2010,129,509,46,TEAM
1.53069E+14,9/25/2010,153,688,92,TEAM
2.04052E+14,9/25/2010,204,518,99,TEAM
2.31039E+14,9/25/2010,231,392,64,TEAM
2.57043E+14,9/25/2010,257,430,77,TEAM
2.95016E+14,9/25/2010,295,156,23,TEAM
3.34024E+14,9/25/2010,334,235,27,TEAM
4.0407E+14,9/25/2010,404,704,124,TEAM
4.14043E+14,9/25/2010,414,434,73,TEAM
4.19067E+14,9/25/2010,419,671,56,TEAM
4.57059E+14,9/25/2010,457,587,86,TEAM
4.66008E+14,9/25/2010,466,77,134,TEAM
4.72033E+14,9/25/2010,472,328,51,TEAM
4.73047E+14,9/25/2010,473,465,89,TEAM
4.90026E+14,9/25/2010,490,255,37,TEAM
4.97023E+14,9/25/2010,497,229,26,TEAM
5.02042E+14,9/25/2010,502,416,68,TEAM
5.03043E+14,9/25/2010,503,428,153,TEAM
5.04031E+14,9/25/2010,504,311,40,TEAM
5.19039E+14,9/25/2010,519,388,142,TEAM
5.22014E+14,9/25/2010,522,140,97,TEAM
5.28007E+14,9/25/2010,528,66,42,TEAM
5.29003E+14,9/25/2010,529,28,10,TEAM
6.30073E+14,9/25/2010,630,732,135,TEAM
6.48004E+14,9/25/2010,648,37,1,TEAM
6.49046E+14,9/25/2010,649,463,84,TEAM
6.5505E+14,9/25/2010,655,498,57,TEAM
6.57075E+14,9/25/2010,657,754,138,TEAM
6.64037E+14,9/25/2010,664,366,59,TEAM
6.74051E+14,9/25/2010,674,513,49,TEAM
6.90054E+14,9/25/2010,690,539,111,TEAM
7.09056E+14,9/25/2010,709,559,50,TEAM
7.18029E+14,9/25/2010,718,288,126,TEAM
7.21081E+14,9/25/2010,721,811,144,TEAM
7.25019E+14,9/25/2010,725,193,80,TEAM
7.31063E+14,9/25/2010,731,626,16,TEAM
7.41075E+14,9/25/2010,741,746,137,TEAM
7.42007E+14,9/25/2010,742,67,61,TEAM
7.49023E+14,9/25/2010,749,234,33,TEAM
7.68037E+14,9/25/2010,768,365,55,TEAM
7.72065E+14,9/25/2010,772,651,35,TEAM
1.00407E+15,9/25/2010,1004,719,105,TEAM
6.97052E+14,9/30/2010,697,521,104,TEAM
7.70731E+13,10/1/2010,77,731,133,TEAM
1.7043E+13,10/2/2010,17,430,77,TEAM
2.80528E+13,10/2/2010,28,528,107,TEAM
4.70129E+13,10/2/2010,47,129,70,TEAM
6.60472E+13,10/2/2010,66,472,88,TEAM
8.60071E+13,10/2/2010,86,71,96,TEAM
9.00096E+13,10/2/2010,90,96,13,TEAM
1.08063E+14,10/2/2010,108,630,18,TEAM
1.93039E+14,10/2/2010,193,392,64,TEAM
1.96046E+14,10/2/2010,196,457,78,TEAM
2.29065E+14,10/2/2010,229,651,35,TEAM
2.31055E+14,10/2/2010,231,545,110,TEAM
2.34075E+14,10/2/2010,234,746,137,TEAM
2.35001E+14,10/2/2010,235,8,5,TEAM
2.55075E+14,10/2/2010,255,749,83,TEAM
2.57016E+14,10/2/2010,257,157,20,TEAM
2.95077E+14,10/2/2010,295,774,69,TEAM
3.28005E+14,10/2/2010,328,51,132,TEAM
3.31041E+14,10/2/2010,331,414,101,TEAM
3.34043E+14,10/2/2010,334,433,76,TEAM
3.66028E+14,10/2/2010,366,277,39,TEAM
3.67003E+14,10/2/2010,367,30,7,TEAM
3.88066E+14,10/2/2010,388,664,75,TEAM
4.15015E+14,10/2/2010,415,147,112,TEAM
4.18031E+14,10/2/2010,418,306,47,TEAM
4.66047E+14,10/2/2010,466,465,89,TEAM
4.98004E+14,10/2/2010,498,37,1,TEAM
5.03001E+14,10/2/2010,503,5,154,TEAM
5.09043E+14,10/2/2010,509,428,153,TEAM
5.13007E+14,10/2/2010,513,67,61,TEAM
5.1803E+14,10/2/2010,518,301,44,TEAM
5.1902E+14,10/2/2010,519,204,71,TEAM
5.39031E+14,10/2/2010,539,312,41,TEAM
6.63057E+14,10/2/2010,663,574,127,TEAM
6.7105E+14,10/2/2010,671,497,123,TEAM
6.74053E+14,10/2/2010,674,529,108,TEAM
6.90073E+14,10/2/2010,690,725,93,TEAM
6.94037E+14,10/2/2010,694,365,55,TEAM
6.98016E+14,10/2/2010,698,156,23,TEAM
7.00031E+14,10/2/2010,700,311,40,TEAM
7.03052E+14,10/2/2010,703,522,121,NEUTRAL
7.04047E+14,10/2/2010,704,473,87,TEAM
7.18059E+14,10/2/2010,718,587,86,TEAM
7.1904E+14,10/2/2010,719,404,115,TEAM
7.26072E+14,10/2/2010,726,721,21,TEAM
7.36016E+14,10/2/2010,736,164,25,TEAM
7.42049E+14,10/2/2010,742,490,82,TEAM
7.54011E+14,10/2/2010,754,110,15,TEAM
7.56066E+14,10/2/2010,756,657,14,TEAM
7.96042E+14,10/2/2010,796,416,68,TEAM
8.11071E+14,10/2/2010,811,709,102,TEAM
7.16042E+14,10/5/2010,716,419,116,TEAM
9.01282E+12,10/6/2010,9,128,146,TEAM
4.63033E+14,10/7/2010,463,327,52,TEAM
1.64059E+14,10/8/2010,164,587,86,TEAM
5.21067E+14,10/8/2010,521,671,56,TEAM
5.03312E+12,10/9/2010,5,331,100,TEAM
8.06482E+12,10/9/2010,8,648,113,TEAM
2.80756E+13,10/9/2010,28,756,139,TEAM
3.00497E+13,10/9/2010,30,497,123,TEAM
3.10697E+13,10/9/2010,31,697,155,NEUTRAL
3.70334E+13,10/9/2010,37,334,53,TEAM
5.107E+13,10/9/2010,51,700,121,NEUTRAL
6.7049E+13,10/9/2010,67,490,82,TEAM
7.10519E+13,10/9/2010,71,519,95,TEAM
1.10011E+14,10/9/2010,110,107,12,TEAM
1.29074E+14,10/9/2010,129,742,136,TEAM
1.47046E+14,10/9/2010,147,457,78,TEAM
1.56072E+14,10/9/2010,156,721,21,TEAM
1.57043E+14,10/9/2010,157,434,73,TEAM
1.96066E+14,10/9/2010,196,664,75,TEAM
2.04074E+14,10/9/2010,204,736,117,TEAM
2.2905E+14,10/9/2010,229,498,57,TEAM
2.34042E+14,10/9/2010,234,415,30,TEAM
2.7701E+14,10/9/2010,277,96,13,TEAM
3.01054E+14,10/9/2010,301,539,111,TEAM
3.06052E+14,10/9/2010,306,518,99,TEAM
3.65024E+14,10/9/2010,365,235,27,TEAM
4.04037E+14,10/9/2010,404,367,54,TEAM
4.14014E+14,10/9/2010,414,140,97,TEAM
4.16042E+14,10/9/2010,416,418,66,TEAM
4.2808E+14,10/9/2010,428,796,141,TEAM
4.30029E+14,10/9/2010,430,288,126,TEAM
4.65077E+14,10/9/2010,465,768,143,TEAM
4.73047E+14,10/9/2010,473,472,88,TEAM
5.28003E+14,10/9/2010,528,29,11,TEAM
5.29075E+14,10/9/2010,529,754,138,TEAM
5.45051E+14,10/9/2010,545,513,49,TEAM
5.59051E+14,10/9/2010,559,509,46,TEAM
5.7407E+14,10/9/2010,574,704,124,TEAM
6.26008E+14,10/9/2010,626,77,134,TEAM
6.30047E+14,10/9/2010,630,466,90,TEAM
6.57067E+14,10/9/2010,657,674,19,TEAM
6.88065E+14,10/9/2010,688,651,35,TEAM
6.9005E+14,10/9/2010,690,503,45,TEAM
6.94026E+14,10/9/2010,694,257,36,TEAM
7.09007E+14,10/9/2010,709,66,42,TEAM
7.19066E+14,10/9/2010,719,663,122,TEAM
7.25072E+14,10/9/2010,725,718,58,TEAM
7.26075E+14,10/9/2010,726,749,83,TEAM
7.31037E+14,10/9/2010,731,366,59,TEAM
7.32031E+14,10/9/2010,732,311,40,TEAM
7.46026E+14,10/9/2010,746,255,37,TEAM
7.72023E+14,10/9/2010,772,231,31,TEAM
7.74005E+14,10/9/2010,774,47,48,TEAM
8.1107E+14,10/9/2010,811,698,125,TEAM
1.28039E+14,10/13/2010,128,388,142,TEAM
3.27033E+14,10/14/2010,327,328,51,TEAM
6.51077E+14,10/14/2010,651,768,143,TEAM
1.40037E+14,10/15/2010,140,367,54,TEAM
5.05192E+12,10/16/2010,5,519,95,TEAM
2.90754E+13,10/16/2010,29,754,138,TEAM
3.00306E+13,10/16/2010,30,306,47,TEAM
3.10037E+13,10/16/2010,31,37,1,TEAM
5.10157E+13,10/16/2010,51,157,20,TEAM
6.6063E+13,10/16/2010,66,630,18,TEAM
6.70234E+13,10/16/2010,67,234,33,TEAM
7.1069E+13,10/16/2010,71,690,109,TEAM
7.70698E+13,10/16/2010,77,698,125,TEAM
8.60503E+13,10/16/2010,86,503,45,TEAM
1.07066E+14,10/16/2010,107,657,14,TEAM
2.04005E+14,10/16/2010,204,47,48,TEAM
2.3105E+14,10/16/2010,231,497,123,TEAM
2.88057E+14,10/16/2010,288,574,127,TEAM
2.95037E+14,10/16/2010,295,366,59,TEAM
3.01042E+14,10/16/2010,301,416,68,TEAM
3.11052E+14,10/16/2010,311,522,103,TEAM
3.12042E+14,10/16/2010,312,418,66,TEAM
3.31071E+14,10/16/2010,331,709,102,TEAM
3.92015E+14,10/16/2010,392,147,112,TEAM
4.02037E+14,10/16/2010,402,365,55,TEAM
4.14013E+14,10/16/2010,414,129,70,TEAM
4.15019E+14,10/16/2010,415,193,80,TEAM
4.19026E+14,10/16/2010,419,255,37,TEAM
4.28056E+14,10/16/2010,428,559,50,TEAM
4.30024E+14,10/16/2010,430,235,27,TEAM
4.33001E+14,10/16/2010,433,8,5,TEAM
4.3407E+14,10/16/2010,434,697,120,TEAM
4.57075E+14,10/16/2010,457,746,137,TEAM
4.65016E+14,10/16/2010,465,156,23,TEAM
4.66028E+14,10/16/2010,466,277,39,TEAM
4.7201E+14,10/16/2010,472,96,13,TEAM
4.9002E+14,10/16/2010,490,196,81,TEAM
4.98077E+14,10/16/2010,498,772,148,TEAM
5.1808E+14,10/16/2010,518,796,141,TEAM
5.2107E+14,10/16/2010,521,700,129,TEAM
5.28076E+14,10/16/2010,528,756,139,TEAM
5.45069E+14,10/16/2010,545,688,92,TEAM
6.48033E+14,10/16/2010,648,334,53,TEAM
6.63073E+14,10/16/2010,663,726,62,TEAM
6.6404E+14,10/16/2010,664,404,115,TEAM
6.71072E+14,10/16/2010,671,716,4,TEAM
7.03046E+14,10/16/2010,703,463,84,TEAM
7.04001E+14,10/16/2010,704,9,2,TEAM
7.18072E+14,10/16/2010,718,719,105,TEAM
7.21063E+14,10/16/2010,721,626,16,TEAM
7.25059E+14,10/16/2010,725,587,157,NEUTRAL
7.32081E+14,10/16/2010,732,811,144,TEAM
7.36026E+14,10/16/2010,736,257,36,TEAM
7.49074E+14,10/16/2010,749,742,136,TEAM
7.74051E+14,10/16/2010,774,513,49,TEAM
1.10053E+14,10/21/2010,110,529,108,TEAM
6.51014E+14,10/22/2010,651,140,97,TEAM
8.06942E+12,10/23/2010,8,694,114,TEAM
9.04302E+12,10/23/2010,9,430,77,TEAM
2.80107E+13,10/23/2010,28,107,12,TEAM
4.70709E+13,10/23/2010,47,709,102,TEAM
9.6063E+13,10/23/2010,96,630,18,TEAM
1.2905E+14,10/23/2010,129,503,45,TEAM
1.56073E+14,10/23/2010,156,732,135,TEAM
1.64037E+14,10/23/2010,164,367,54,TEAM
1.93074E+14,10/23/2010,193,742,136,TEAM
2.04075E+14,10/23/2010,204,746,137,TEAM
2.29003E+14,10/23/2010,229,30,7,TEAM
2.55015E+14,10/23/2010,255,147,112,TEAM
2.57033E+14,10/23/2010,257,334,53,TEAM
2.77073E+14,10/23/2010,277,731,133,TEAM
2.88066E+14,10/23/2010,288,663,122,TEAM
3.0603E+14,10/23/2010,306,301,44,TEAM
3.1107E+14,10/23/2010,311,703,119,TEAM
3.27005E+14,10/23/2010,327,51,132,TEAM
3.31007E+14,10/23/2010,331,71,96,TEAM
3.65004E+14,10/23/2010,365,37,1,TEAM
3.8802E+14,10/23/2010,388,196,81,TEAM
3.92007E+14,10/23/2010,392,67,61,TEAM
4.16051E+14,10/23/2010,416,509,46,TEAM
4.33003E+14,10/23/2010,433,31,6,TEAM
4.57042E+14,10/23/2010,457,415,30,TEAM
4.63052E+14,10/23/2010,463,521,104,TEAM
4.7203E+14,10/23/2010,472,295,43,TEAM
4.98042E+14,10/23/2010,498,419,116,TEAM
5.13073E+14,10/23/2010,513,726,157,NEUTRAL
5.19041E+14,10/23/2010,519,414,101,TEAM
5.22043E+14,10/23/2010,522,434,73,TEAM
5.39043E+14,10/23/2010,539,428,153,TEAM
5.59052E+14,10/23/2010,559,518,99,TEAM
5.74013E+14,10/23/2010,574,128,146,TEAM
5.87055E+14,10/23/2010,587,545,110,TEAM
6.26047E+14,10/23/2010,626,473,87,TEAM
6.48074E+14,10/23/2010,648,736,117,TEAM
6.88077E+14,10/23/2010,688,768,143,TEAM
6.90009E+14,10/23/2010,690,86,91,TEAM
6.97033E+14,10/23/2010,697,328,51,TEAM
7.00016E+14,10/23/2010,700,157,20,TEAM
7.1807E+14,10/23/2010,718,704,124,TEAM
7.2107E+14,10/23/2010,721,698,125,TEAM
7.54067E+14,10/23/2010,754,674,19,TEAM
7.56003E+14,10/23/2010,756,29,11,TEAM
7.72067E+14,10/23/2010,772,671,56,TEAM
7.74001E+14,10/23/2010,774,5,154,TEAM
7.96031E+14,10/23/2010,796,312,41,TEAM
8.11008E+14,10/23/2010,811,77,134,TEAM
3.66007E+14,10/26/2010,366,66,42,TEAM
2.34049E+14,10/28/2010,234,490,82,TEAM
7.68016E+14,10/29/2010,768,164,25,TEAM
5.06902E+12,10/30/2010,5,690,109,TEAM
9.06642E+12,10/30/2010,9,664,75,TEAM
2.9011E+13,10/30/2010,29,110,15,TEAM
3.70433E+13,10/30/2010,37,433,76,TEAM
4.70331E+13,10/30/2010,47,331,100,TEAM
5.10703E+13,10/30/2010,51,703,119,TEAM
7.10129E+13,10/30/2010,71,129,70,TEAM
1.07053E+14,10/30/2010,107,528,107,TEAM
1.47007E+14,10/30/2010,147,67,61,TEAM
1.57052E+14,10/30/2010,157,522,103,TEAM
1.93073E+14,10/30/2010,193,726,62,TEAM
1.96013E+14,10/30/2010,196,128,146,TEAM
2.31023E+14,10/30/2010,231,229,26,TEAM
2.35026E+14,10/30/2010,235,257,28,NEUTRAL
2.8804E+14,10/30/2010,288,404,115,TEAM
2.95028E+14,10/30/2010,295,277,39,TEAM
3.28031E+14,10/30/2010,328,311,40,TEAM
3.34043E+14,10/30/2010,334,430,77,TEAM
3.67055E+14,10/30/2010,367,545,110,TEAM
4.14009E+14,10/30/2010,414,86,91,TEAM
4.15075E+14,10/30/2010,415,746,137,TEAM
4.16031E+14,10/30/2010,416,312,41,TEAM
4.18054E+14,10/30/2010,418,539,111,TEAM
4.34046E+14,10/30/2010,434,463,84,TEAM
4.73016E+14,10/30/2010,473,156,23,TEAM
4.97077E+14,10/30/2010,497,772,148,TEAM
5.03077E+14,10/30/2010,503,774,69,TEAM
5.09031E+14,10/30/2010,509,306,47,TEAM
5.18043E+14,10/30/2010,518,428,153,TEAM
5.21033E+14,10/30/2010,521,327,52,TEAM
5.29066E+14,10/30/2010,529,657,14,TEAM
5.5903E+14,10/30/2010,559,301,44,TEAM
6.26081E+14,10/30/2010,626,811,144,TEAM
6.30047E+14,10/30/2010,630,472,88,TEAM
6.63072E+14,10/30/2010,663,718,58,TEAM
6.71052E+14,10/30/2010,671,519,95,TEAM
6.74076E+14,10/30/2010,674,756,139,TEAM
6.88014E+14,10/30/2010,688,140,97,TEAM
6.94065E+14,10/30/2010,694,648,113,TEAM
6.98047E+14,10/30/2010,698,465,89,TEAM
7.0007E+14,10/30/2010,700,697,120,TEAM
7.04039E+14,10/30/2010,704,388,142,TEAM
7.0902E+14,10/30/2010,709,204,71,TEAM
7.1605E+14,10/30/2010,716,498,57,TEAM
7.19051E+14,10/30/2010,719,513,49,TEAM
7.31047E+14,10/30/2010,731,466,90,TEAM
7.32072E+14,10/30/2010,732,721,21,TEAM
7.36003E+14,10/30/2010,736,31,6,TEAM
7.41073E+14,10/30/2010,741,725,93,TEAM
7.49039E+14,10/30/2010,749,392,64,TEAM
7.54003E+14,10/30/2010,754,28,10,TEAM
7.86046E+14,10/30/2010,786,457,78,TEAM
4.19003E+14,11/2/2010,419,30,7,TEAM
5.87065E+14,11/3/2010,587,651,35,TEAM
8.60519E+13,11/4/2010,86,519,95,TEAM
2.55074E+14,11/4/2010,255,742,136,TEAM
1.28029E+14,11/5/2010,128,288,126,TEAM
7.74013E+14,11/5/2010,774,129,70,TEAM
5.00472E+12,11/6/2010,5,47,48,TEAM
8.03652E+12,11/6/2010,8,365,55,TEAM
2.80657E+13,11/6/2010,28,657,14,TEAM
2.90674E+13,11/6/2010,29,674,19,TEAM
3.10648E+13,11/6/2010,31,648,113,TEAM
4.80334E+13,11/6/2010,48,334,53,TEAM
5.10521E+13,11/6/2010,51,521,104,TEAM
6.70749E+13,11/6/2010,67,749,83,TEAM
9.60366E+13,11/6/2010,96,366,59,TEAM
1.07075E+14,11/6/2010,107,754,138,TEAM
1.56063E+14,11/6/2010,156,626,16,TEAM
1.57033E+14,11/6/2010,157,328,51,TEAM
2.29077E+14,11/6/2010,229,772,148,TEAM
2.35074E+14,11/6/2010,235,736,117,TEAM
2.77007E+14,11/6/2010,277,66,42,TEAM
2.94026E+14,11/6/2010,294,257,36,TEAM
3.01042E+14,11/6/2010,301,418,66,TEAM
3.12031E+14,11/6/2010,312,306,47,TEAM
3.67069E+14,11/6/2010,367,688,92,TEAM
3.88001E+14,11/6/2010,388,9,2,TEAM
3.92042E+14,11/6/2010,392,415,30,TEAM
4.28042E+14,11/6/2010,428,416,68,TEAM
4.3407E+14,11/6/2010,434,700,129,TEAM
4.57023E+14,11/6/2010,457,234,33,TEAM
4.63031E+14,11/6/2010,463,311,40,TEAM
4.65008E+14,11/6/2010,465,77,134,TEAM
4.6603E+14,11/6/2010,466,295,43,TEAM
4.72073E+14,11/6/2010,472,731,133,TEAM
4.90015E+14,11/6/2010,490,147,112,TEAM
4.98023E+14,11/6/2010,498,231,31,TEAM
5.09054E+14,11/6/2010,509,539,111,TEAM
5.2207E+14,11/6/2010,522,697,120,TEAM
5.28011E+14,11/6/2010,528,110,15,TEAM
5.74072E+14,11/6/2010,574,719,105,TEAM
6.6307E+14,11/6/2010,663,704,124,TEAM
6.64072E+14,11/6/2010,664,718,58,TEAM
6.71043E+14,11/6/2010,671,433,76,TEAM
6.90033E+14,11/6/2010,690,331,100,TEAM
6.93004E+14,11/6/2010,693,37,1,TEAM
6.9404E+14,11/6/2010,694,404,115,TEAM
6.98073E+14,11/6/2010,698,732,135,TEAM
7.03033E+14,11/6/2010,703,327,52,TEAM
7.1605E+14,11/6/2010,716,497,123,TEAM
7.21073E+14,11/6/2010,721,725,93,TEAM
7.2602E+14,11/6/2010,726,196,81,TEAM
7.46019E+14,11/6/2010,746,193,80,TEAM
7.56053E+14,11/6/2010,756,529,108,TEAM
7.96056E+14,11/6/2010,796,559,50,TEAM
8.11047E+14,11/6/2010,811,473,87,TEAM
7.0905E+14,11/9/2010,709,503,45,TEAM
4.14007E+14,11/10/2010,414,71,96,TEAM
1.96001E+14,11/11/2010,196,9,2,TEAM
5.45016E+14,11/11/2010,545,164,25,TEAM
4.70086E+13,11/12/2010,47,86,91,TEAM
6.60295E+13,11/12/2010,66,295,43,TEAM
6.70193E+13,11/13/2010,67,193,80,TEAM
7.70156E+13,11/13/2010,77,156,23,TEAM
1.29073E+14,11/13/2010,129,726,62,TEAM
1.40077E+14,11/13/2010,140,768,143,TEAM
1.47023E+14,11/13/2010,147,234,33,TEAM
2.04077E+14,11/13/2010,204,774,69,TEAM
2.31072E+14,11/13/2010,231,716,4,TEAM
2.57004E+14,11/13/2010,257,37,1,TEAM
3.0608E+14,11/13/2010,306,796,141,TEAM
3.11016E+14,11/13/2010,311,157,20,TEAM
3.12051E+14,11/13/2010,312,509,46,TEAM
3.27043E+14,11/13/2010,327,434,73,TEAM
3.28046E+14,11/13/2010,328,463,84,TEAM
3.66047E+14,11/13/2010,366,472,88,TEAM
3.92075E+14,11/13/2010,392,746,137,TEAM
4.04039E+14,11/13/2010,404,388,142,TEAM
4.15026E+14,11/13/2010,415,255,37,TEAM
4.18056E+14,11/13/2010,418,559,50,TEAM
4.2803E+14,11/13/2010,428,301,44,TEAM
4.30001E+14,11/13/2010,430,8,5,TEAM
4.33069E+14,11/13/2010,433,694,114,TEAM
4.6601E+14,11/13/2010,466,96,13,TEAM
4.73072E+14,11/13/2010,473,721,21,TEAM
4.97042E+14,11/13/2010,497,419,116,TEAM
4.98037E+14,11/13/2010,498,365,55,TEAM
5.2107E+14,11/13/2010,521,703,119,TEAM
5.29011E+14,11/13/2010,529,107,12,TEAM
5.39052E+14,11/13/2010,539,518,99,TEAM
5.74072E+14,11/13/2010,574,718,58,TEAM
6.2607E+14,11/13/2010,626,698,125,TEAM
6.48024E+14,11/13/2010,648,235,27,TEAM
6.51037E+14,11/13/2010,651,367,54,TEAM
6.57003E+14,11/13/2010,657,29,11,TEAM
6.64013E+14,11/13/2010,664,128,146,TEAM
6.71023E+14,11/13/2010,671,229,26,TEAM
6.74003E+14,11/13/2010,674,28,10,TEAM
6.88059E+14,11/13/2010,688,587,86,TEAM
6.97005E+14,11/13/2010,697,51,132,TEAM
7.00052E+14,11/13/2010,700,522,103,TEAM
7.04003E+14,11/13/2010,704,31,6,TEAM
7.19029E+14,11/13/2010,719,288,126,TEAM
7.25033E+14,11/13/2010,725,331,100,TEAM
7.31063E+14,11/13/2010,731,630,18,TEAM
7.32051E+14,11/13/2010,732,513,49,TEAM
7.36033E+14,11/13/2010,736,334,53,TEAM
7.42046E+14,11/13/2010,742,457,78,TEAM
7.49049E+14,11/13/2010,749,490,82,TEAM
7.54053E+14,11/13/2010,754,528,107,TEAM
7.72003E+14,11/13/2010,772,30,7,TEAM
8.11047E+14,11/13/2010,811,465,89,TEAM
5.19069E+14,11/16/2010,519,690,109,TEAM
7.10709E+13,11/17/2010,71,709,102,TEAM
4.14001E+14,11/17/2010,414,5,154,TEAM
1.10076E+14,11/18/2010,110,756,139,TEAM
2.54001E+14,11/18/2010,254,8,5,TEAM
7.21047E+14,11/18/2010,721,465,89,TEAM
9.60066E+13,11/19/2010,96,66,42,TEAM
2.70235E+13,11/20/2010,27,235,27,TEAM
3.00726E+13,11/20/2010,30,726,62,TEAM
3.1043E+13,11/20/2010,31,430,77,TEAM
1.28072E+14,11/20/2010,128,718,58,TEAM
1.47075E+14,11/20/2010,147,749,83,TEAM
1.56081E+14,11/20/2010,156,811,144,TEAM
1.64069E+14,11/20/2010,164,688,92,TEAM
1.93026E+14,11/20/2010,193,255,37,TEAM
1.96057E+14,11/20/2010,196,574,127,TEAM
2.04009E+14,11/20/2010,204,86,91,TEAM
2.2907E+14,11/20/2010,229,703,119,TEAM
2.31067E+14,11/20/2010,231,671,56,TEAM
2.34039E+14,11/20/2010,234,392,64,TEAM
2.88066E+14,11/20/2010,288,664,75,TEAM
2.95073E+14,11/20/2010,295,731,133,TEAM
3.01051E+14,11/20/2010,301,509,156,NEUTRAL
3.27016E+14,11/20/2010,327,157,20,TEAM
3.31077E+14,11/20/2010,331,774,69,TEAM
3.88066E+14,11/20/2010,388,663,122,TEAM
4.04001E+14,11/20/2010,404,9,2,TEAM
4.19077E+14,11/20/2010,419,772,148,TEAM
4.33037E+14,11/20/2010,433,365,55,TEAM
4.34031E+14,11/20/2010,434,311,40,TEAM
4.6307E+14,11/20/2010,463,697,120,TEAM
4.72047E+14,11/20/2010,472,466,90,TEAM
4.73008E+14,11/20/2010,473,77,134,TEAM
4.90046E+14,11/20/2010,490,457,78,TEAM
4.9705E+14,11/20/2010,497,498,57,TEAM
5.03005E+14,11/20/2010,503,47,48,TEAM
5.18031E+14,11/20/2010,518,312,41,TEAM
5.21033E+14,11/20/2010,521,328,51,TEAM
5.22005E+14,11/20/2010,522,51,132,TEAM
5.39031E+14,11/20/2010,539,306,65,NEUTRAL
5.45065E+14,11/20/2010,545,651,35,TEAM
5.59042E+14,11/20/2010,559,416,68,TEAM
5.87014E+14,11/20/2010,587,140,97,TEAM
6.30028E+14,11/20/2010,630,277,39,TEAM
6.57053E+14,11/20/2010,657,528,107,TEAM
6.74011E+14,11/20/2010,674,107,12,TEAM
6.94074E+14,11/20/2010,694,736,117,TEAM
7.04072E+14,11/20/2010,704,719,105,TEAM
7.16065E+14,11/20/2010,716,648,113,TEAM
7.25051E+14,11/20/2010,725,513,158,NEUTRAL
7.32063E+14,11/20/2010,732,626,16,TEAM
7.42042E+14,11/20/2010,742,415,30,TEAM
7.46007E+14,11/20/2010,746,67,61,TEAM
7.5807E+14,11/20/2010,758,700,129,TEAM
7.68037E+14,11/20/2010,768,367,54,TEAM
7.96042E+14,11/20/2010,796,418,66,TEAM
6.90041E+14,11/23/2010,690,414,101,TEAM
6.9707E+14,11/25/2010,697,703,119,TEAM
2.90529E+13,11/26/2010,29,529,108,TEAM
3.70008E+13,11/26/2010,37,8,5,TEAM
6.60466E+13,11/26/2010,66,466,90,TEAM
8.60005E+13,11/26/2010,86,5,154,TEAM
1.10003E+14,11/26/2010,110,28,10,TEAM
1.29071E+14,11/26/2010,129,709,102,TEAM
1.57046E+14,11/26/2010,157,463,84,TEAM
3.67059E+14,11/26/2010,367,587,86,TEAM
5.0302E+14,11/26/2010,503,204,71,TEAM
5.19033E+14,11/26/2010,519,331,100,TEAM
6.6302E+14,11/26/2010,663,196,81,TEAM
6.64072E+14,11/26/2010,664,719,105,TEAM
7.68055E+14,11/26/2010,768,545,110,TEAM
7.74007E+14,11/26/2010,774,71,96,TEAM
9.05742E+12,11/27/2010,9,574,127,TEAM
3.00231E+13,11/27/2010,30,231,31,TEAM
6.70688E+13,11/27/2010,67,688,92,TEAM
7.70732E+13,11/27/2010,77,732,135,TEAM
1.2804E+14,11/27/2010,128,404,115,TEAM
1.40016E+14,11/27/2010,140,164,25,TEAM
2.29042E+14,11/27/2010,229,419,116,TEAM
2.35023E+14,11/27/2010,235,234,33,TEAM
2.55026E+14,11/27/2010,255,257,36,TEAM
2.77047E+14,11/27/2010,277,472,88,TEAM
2.8807E+14,11/27/2010,288,700,129,TEAM
2.9501E+14,11/27/2010,295,96,13,TEAM
3.06056E+14,11/27/2010,306,559,50,TEAM
3.12043E+14,11/27/2010,312,428,153,TEAM
3.2705E+14,11/27/2010,327,497,123,TEAM
3.28043E+14,11/27/2010,328,434,74,NEUTRAL
3.34069E+14,11/27/2010,334,694,114,TEAM
3.65003E+14,11/27/2010,365,31,8,TEAM
3.66063E+14,11/27/2010,366,630,18,TEAM
4.16054E+14,11/27/2010,416,539,111,TEAM
4.18052E+14,11/27/2010,418,518,99,TEAM
4.30043E+14,11/27/2010,430,433,76,TEAM
4.57019E+14,11/27/2010,457,193,80,TEAM
4.65063E+14,11/27/2010,465,626,16,TEAM
4.90039E+14,11/27/2010,490,392,64,TEAM
5.0908E+14,11/27/2010,509,796,141,TEAM
5.13066E+14,11/27/2010,513,657,14,TEAM
5.22052E+14,11/27/2010,522,521,104,TEAM
5.28067E+14,11/27/2010,528,674,19,TEAM
6.48015E+14,11/27/2010,648,147,112,TEAM
6.51042E+14,11/27/2010,651,415,30,TEAM
6.7105E+14,11/27/2010,671,498,57,TEAM
6.98047E+14,11/27/2010,698,473,87,TEAM
7.18039E+14,11/27/2010,718,388,142,TEAM
7.46074E+14,11/27/2010,746,742,136,TEAM
7.49074E+14,11/27/2010,749,736,117,TEAM
7.56011E+14,11/27/2010,756,107,12,TEAM
7.72072E+14,11/27/2010,772,716,4,TEAM
2.80029E+13,12/2/2010,28,29,11,TEAM
3.0101E+14,12/3/2010,301,96,13,TEAM
5.03041E+14,12/3/2010,503,414,67,NEUTRAL
3.70648E+13,12/4/2010,37,648,38,NEUTRAL
1.64065E+14,12/4/2010,164,651,35,TEAM
2.34074E+14,12/4/2010,234,742,79,NEUTRAL
4.19023E+14,12/4/2010,419,231,31,TEAM
4.65028E+14,12/4/2010,465,277,39,TEAM
4.66037E+14,12/4/2010,466,366,59,TEAM
5.22046E+14,12/4/2010,522,463,155,NEUTRAL
5.29053E+14,12/4/2010,529,528,107,TEAM
5.45014E+14,12/4/2010,545,140,97,TEAM
5.87077E+14,12/4/2010,587,768,143,TEAM
6.3003E+14,12/4/2010,630,295,43,TEAM
6.57011E+14,12/4/2010,657,110,15,TEAM
6.63013E+14,12/4/2010,663,128,146,TEAM
7.16023E+14,12/4/2010,716,229,26,TEAM
7.31007E+14,12/4/2010,731,66,42,TEAM
7.56075E+14,12/4/2010,756,754,138,TEAM
7.26073E+14,12/11/2010,726,725,109,NEUTRAL
7.70704E+13,12/18/2010,77,704,87,NEUTRAL
5.0301E+14,12/18/2010,503,96,42,NEUTRAL
5.19072E+14,12/18/2010,519,716,58,NEUTRAL
6.64037E+14,12/21/2010,664,367,151,NEUTRAL
7.32007E+14,12/22/2010,732,66,89,NEUTRAL
7.26063E+14,12/23/2010,726,626,16,NEUTRAL
7.19028E+14,12/24/2010,719,277,39,TEAM
2.31071E+14,12/26/2010,231,709,67,NEUTRAL
7.21026E+14,12/27/2010,721,255,60,NEUTRAL
4.34031E+14,12/28/2010,434,312,10,NEUTRAL
7.68049E+14,12/28/2010,768,490,32,NEUTRAL
1.96039E+14,12/29/2010,196,392,150,NEUTRAL
3.01005E+14,12/29/2010,301,51,128,NEUTRAL
5.21003E+14,12/29/2010,521,29,130,NEUTRAL
3.27069E+14,12/30/2010,327,688,158,NEUTRAL
4.57069E+14,12/30/2010,457,694,118,NEUTRAL
4.63076E+14,12/30/2010,463,756,16,NEUTRAL
7.25066E+14,12/30/2010,725,663,125,NEUTRAL
2.57013E+14,12/31/2010,257,128,115,NEUTRAL
5.13042E+14,12/31/2010,513,415,124,NEUTRAL
6.48023E+14,12/31/2010,648,234,38,NEUTRAL
6.51015E+14,12/31/2010,651,147,79,NEUTRAL
8.04162E+12,1/1/2011,8,416,32,NEUTRAL
1.64052E+14,1/1/2011,164,522,145,NEUTRAL
2.35054E+14,1/1/2011,235,539,35,NEUTRAL
4.30042E+14,1/1/2011,430,418,28,NEUTRAL
5.0907E+14,1/1/2011,509,700,121,NEUTRAL
7.9607E+14,1/1/2011,796,698,15,NEUTRAL
6.74074E+14,1/3/2011,674,742,30,NEUTRAL
5.18003E+14,1/4/2011,518,31,58,NEUTRAL
4.19041E+14,1/6/2011,419,414,3,NEUTRAL
3.6507E+14,1/7/2011,365,697,155,NEUTRAL
5.45033E+14,1/8/2011,545,334,2,NEUTRAL
4.66007E+14,1/9/2011,466,67,17,NEUTRAL
5.29004E+14,1/10/2011,529,37,145,NEUTRAL
